URL,Severity,Priority,Category,Issue,Description,Current value,Expected / recommended value,Recommended fix,Element / resource,Details,Page HTTP,In sitemap,Report
http://localhost:3000/,Optimization,P3 - improve,Desktop menu,No visible phone number in the desktop header,Visitors can't call from the top of the page. For local / legal businesses the phone in the header is a key conversion point.,(no visible tel: link in <header>),The main phone number as a visible tel: link in the desktop and mobile header,Add the phone link to the header component (and a phone icon button in the mobile header).,,,200,yes,Navigation Report
http://localhost:3000/,Optimization,P3 - improve,Mobile menu,No tap-to-call phone in the mobile header,Visitors can't call from the top of the page. For local / legal businesses the phone in the header is a key conversion point.,(no visible tel: link at the top),The main phone number as a visible tel: link in the desktop and mobile header,Add the phone link to the header component (and a phone icon button in the mobile header).,,390px phone,200,yes,Navigation Report
http://localhost:3000/,Optimization,P3 - improve,Mobile menu,No tap-to-call phone in the mobile header,Visitors can't call from the top of the page. For local / legal businesses the phone in the header is a key conversion point.,(no visible tel: link at the top),The main phone number as a visible tel: link in the desktop and mobile header,Add the phone link to the header component (and a phone icon button in the mobile header).,,360px phone,200,yes,Navigation Report
http://localhost:3000/about-us,Optimization,P3 - improve,Desktop menu,No visible phone number in the desktop header,Visitors can't call from the top of the page. For local / legal businesses the phone in the header is a key conversion point.,(no visible tel: link in <header>),The main phone number as a visible tel: link in the desktop and mobile header,Add the phone link to the header component (and a phone icon button in the mobile header).,,,200,yes,Navigation Report
http://localhost:3000/about-us,Optimization,P3 - improve,Mobile menu,No tap-to-call phone in the mobile header,Visitors can't call from the top of the page. For local / legal businesses the phone in the header is a key conversion point.,(no visible tel: link at the top),The main phone number as a visible tel: link in the desktop and mobile header,Add the phone link to the header component (and a phone icon button in the mobile header).,,390px phone,200,yes,Navigation Report
http://localhost:3000/about-us,Optimization,P3 - improve,Mobile menu,No tap-to-call phone in the mobile header,Visitors can't call from the top of the page. For local / legal businesses the phone in the header is a key conversion point.,(no visible tel: link at the top),The main phone number as a visible tel: link in the desktop and mobile header,Add the phone link to the header component (and a phone icon button in the mobile header).,,360px phone,200,yes,Navigation Report
http://localhost:3000/contact-us,Optimization,P3 - improve,Desktop menu,No visible phone number in the desktop header,Visitors can't call from the top of the page. For local / legal businesses the phone in the header is a key conversion point.,(no visible tel: link in <header>),The main phone number as a visible tel: link in the desktop and mobile header,Add the phone link to the header component (and a phone icon button in the mobile header).,,,200,yes,Navigation Report
http://localhost:3000/contact-us,Optimization,P3 - improve,Mobile menu,No tap-to-call phone in the mobile header,Visitors can't call from the top of the page. For local / legal businesses the phone in the header is a key conversion point.,(no visible tel: link at the top),The main phone number as a visible tel: link in the desktop and mobile header,Add the phone link to the header component (and a phone icon button in the mobile header).,,390px phone,200,yes,Navigation Report
http://localhost:3000/contact-us,Optimization,P3 - improve,Mobile menu,No tap-to-call phone in the mobile header,Visitors can't call from the top of the page. For local / legal businesses the phone in the header is a key conversion point.,(no visible tel: link at the top),The main phone number as a visible tel: link in the desktop and mobile header,Add the phone link to the header component (and a phone icon button in the mobile header).,,360px phone,200,yes,Navigation Report
http://localhost:3000/industries,Optimization,P3 - improve,Desktop menu,No visible phone number in the desktop header,Visitors can't call from the top of the page. For local / legal businesses the phone in the header is a key conversion point.,(no visible tel: link in <header>),The main phone number as a visible tel: link in the desktop and mobile header,Add the phone link to the header component (and a phone icon button in the mobile header).,,,200,yes,Navigation Report
http://localhost:3000/industries,Optimization,P3 - improve,Mobile menu,No tap-to-call phone in the mobile header,Visitors can't call from the top of the page. For local / legal businesses the phone in the header is a key conversion point.,(no visible tel: link at the top),The main phone number as a visible tel: link in the desktop and mobile header,Add the phone link to the header component (and a phone icon button in the mobile header).,,390px phone,200,yes,Navigation Report
http://localhost:3000/industries,Optimization,P3 - improve,Mobile menu,No tap-to-call phone in the mobile header,Visitors can't call from the top of the page. For local / legal businesses the phone in the header is a key conversion point.,(no visible tel: link at the top),The main phone number as a visible tel: link in the desktop and mobile header,Add the phone link to the header component (and a phone icon button in the mobile header).,,360px phone,200,yes,Navigation Report
http://localhost:3000/services,Optimization,P3 - improve,Desktop menu,No visible phone number in the desktop header,Visitors can't call from the top of the page. For local / legal businesses the phone in the header is a key conversion point.,(no visible tel: link in <header>),The main phone number as a visible tel: link in the desktop and mobile header,Add the phone link to the header component (and a phone icon button in the mobile header).,,,200,yes,Navigation Report
http://localhost:3000/services,Optimization,P3 - improve,Mobile menu,No tap-to-call phone in the mobile header,Visitors can't call from the top of the page. For local / legal businesses the phone in the header is a key conversion point.,(no visible tel: link at the top),The main phone number as a visible tel: link in the desktop and mobile header,Add the phone link to the header component (and a phone icon button in the mobile header).,,390px phone,200,yes,Navigation Report
http://localhost:3000/services,Optimization,P3 - improve,Mobile menu,No tap-to-call phone in the mobile header,Visitors can't call from the top of the page. For local / legal businesses the phone in the header is a key conversion point.,(no visible tel: link at the top),The main phone number as a visible tel: link in the desktop and mobile header,Add the phone link to the header component (and a phone icon button in the mobile header).,,360px phone,200,yes,Navigation Report
http://localhost:3000/software-services,Optimization,P3 - improve,Desktop menu,No visible phone number in the desktop header,Visitors can't call from the top of the page. For local / legal businesses the phone in the header is a key conversion point.,(no visible tel: link in <header>),The main phone number as a visible tel: link in the desktop and mobile header,Add the phone link to the header component (and a phone icon button in the mobile header).,,,200,yes,Navigation Report
http://localhost:3000/software-services,Optimization,P3 - improve,Mobile menu,No tap-to-call phone in the mobile header,Visitors can't call from the top of the page. For local / legal businesses the phone in the header is a key conversion point.,(no visible tel: link at the top),The main phone number as a visible tel: link in the desktop and mobile header,Add the phone link to the header component (and a phone icon button in the mobile header).,,390px phone,200,yes,Navigation Report
http://localhost:3000/software-services,Optimization,P3 - improve,Mobile menu,No tap-to-call phone in the mobile header,Visitors can't call from the top of the page. For local / legal businesses the phone in the header is a key conversion point.,(no visible tel: link at the top),The main phone number as a visible tel: link in the desktop and mobile header,Add the phone link to the header component (and a phone icon button in the mobile header).,,360px phone,200,yes,Navigation Report
http://localhost:3000/technologies,Optimization,P3 - improve,Desktop menu,No visible phone number in the desktop header,Visitors can't call from the top of the page. For local / legal businesses the phone in the header is a key conversion point.,(no visible tel: link in <header>),The main phone number as a visible tel: link in the desktop and mobile header,Add the phone link to the header component (and a phone icon button in the mobile header).,,,200,yes,Navigation Report
http://localhost:3000/technologies,Optimization,P3 - improve,Mobile menu,No tap-to-call phone in the mobile header,Visitors can't call from the top of the page. For local / legal businesses the phone in the header is a key conversion point.,(no visible tel: link at the top),The main phone number as a visible tel: link in the desktop and mobile header,Add the phone link to the header component (and a phone icon button in the mobile header).,,390px phone,200,yes,Navigation Report
http://localhost:3000/technologies,Optimization,P3 - improve,Mobile menu,No tap-to-call phone in the mobile header,Visitors can't call from the top of the page. For local / legal businesses the phone in the header is a key conversion point.,(no visible tel: link at the top),The main phone number as a visible tel: link in the desktop and mobile header,Add the phone link to the header component (and a phone icon button in the mobile header).,,360px phone,200,yes,Navigation Report
(site-wide),Info,P4 - for information,Browsers,Not checked: firefox rendering,"This check did not run, so its result is unknown (not a pass).",BrowserType.launch: Executable doesn't exist at /Users/a2/Library/Caches/ms-playwright/firefox-1543/firefox/Nightly.app/Contents/MacOS/firefox,the check runs,Install the engine once:  playwright install firefox,,,,,Navigation Report
(site-wide),Info,P4 - for information,Browsers,Not checked: webkit rendering,"This check did not run, so its result is unknown (not a pass).",BrowserType.launch: Executable doesn't exist at /Users/a2/Library/Caches/ms-playwright/webkit-2359/pw_run.sh,the check runs,Install the engine once:  playwright install webkit,,,,,Navigation Report
